kind,H,H error
White Noise,0.5240710765300465,0.001953453538318945
Pink Noise,0.9857289596129544,0.004050957225372189
Blue Noise,0.12243407831783776,0.0007559441856786887
Brown Noise,1.5743861624952762,0.0038808673662643913
Chua's Circuit,1.1615646877920165,0.0105503353285569
Logistic Map,0.35126760754076675,0.00243386665811298
